Strain_Name,ID_strain,rep_ID,t_heat,n_dilu,V,non_detect,Nt_count,LogSt,LogSt_lim
ATCC 33250,1,1,0,3,0.00054,0,381,-0.017318216,
ATCC 33250,1,1,0,3,0.00054,0,412,0.016654024,
ATCC 33250,1,2,0,3,0.00054,0,370,-0.028944764,
ATCC 33250,1,2,0,3,0.00054,0,421,0.027135608,
ATCC 33250,1,3,0,3,0.00054,0,371,0.027794666,
ATCC 33250,1,3,0,3,0.00054,0,325,-0.029695883,
ATCC 33250,1,1,2.25,2,0.00054,0,855,-0.666277077,
ATCC 33250,1,1,2.25,2,0.00054,0,853,-0.66729416,
ATCC 33250,1,2,2.25,2,0.00054,0,917,-0.634777152,
ATCC 33250,1,2,2.25,2,0.00054,0,936,-0.625870639,
ATCC 33250,1,3,2.25,2,0.00054,0,933,-0.5716976,
ATCC 33250,1,3,2.25,2,0.00054,0,978,-0.551240389,
ATCC 33250,1,1,4.5,1,0.00054,0,1373,-1.460572654,
ATCC 33250,1,1,4.5,1,0.00054,0,1413,-1.44810103,
ATCC 33250,1,2,4.5,1,0.00054,0,1494,-1.42279589,
ATCC 33250,1,2,4.5,1,0.00054,0,1534,-1.411321128,
ATCC 33250,1,3,4.5,1,0.00054,0,859,-1.60758608,
ATCC 33250,1,3,4.5,1,0.00054,0,836,-1.619372967,
ATCC 33250,1,1,6.75,0,0.00054,0,754,-2.720871846,
ATCC 33250,1,1,6.75,0,0.00054,0,637,-2.794103759,
ATCC 33250,1,2,6.75,0,0.00054,0,1176,-2.526739166,
ATCC 33250,1,2,6.75,0,0.00054,0,1183,-2.524161743,
ATCC 33250,1,3,6.75,0,0.00054,0,1252,-2.443974915,
ATCC 33250,1,3,6.75,0,0.00054,0,1063,-2.515045979,
ATCC 33250,1,1,9,0,0.00054,0,282,-3.147994083,
ATCC 33250,1,1,9,0,0.00054,0,356,-3.046793194,
ATCC 33250,1,2,9,0,0.00054,0,341,-3.064392109,
ATCC 33250,1,2,9,0,0.00054,0,367,-3.032480424,
ATCC 33250,1,3,9,0,0.00054,0,418,-2.920402962,
ATCC 33250,1,3,9,0,0.00054,0,460,-2.878821412,
ATCC 33250,1,1,11.25,0,0.00054,0,69,-3.759394101,
ATCC 33250,1,1,11.25,0,0.00054,0,75,-3.723181928,
ATCC 33250,1,2,11.25,0,0.00054,0,45,-3.943933974,
ATCC 33250,1,2,11.25,0,0.00054,0,49,-3.906950408,
ATCC 33250,1,3,11.25,0,0.00054,0,80,-3.638489257,
ATCC 33250,1,3,11.25,0,0.00054,0,60,-3.763427994,
ATCC 33291,2,1,0,4,0.00264,0,123,0.058496647,
ATCC 33291,2,1,0,4,0.00264,0,92,-0.067620637,
ATCC 33291,2,2,0,4,0.00264,0,108,-0.009938523,
ATCC 33291,2,2,0,4,0.00264,0,113,0.009716165,
ATCC 33291,2,3,0,4,0.00264,0,64,0.04275198,
ATCC 33291,2,3,0,4,0.00264,0,52,-0.04742465,
ATCC 33291,2,1,2.25,3,0.00264,0,60,-1.253257214,
ATCC 33291,2,1,2.25,3,0.00264,0,70,-1.186310424,
ATCC 33291,2,2,2.25,3,0.00264,0,203,-0.73586624,
ATCC 33291,2,2,2.25,3,0.00264,0,206,-0.729495058,
ATCC 33291,2,3,2.25,3,0.00264,0,29,-1.301029996,
ATCC 33291,2,3,2.25,3,0.00264,0,24,-1.383216752,
ATCC 33291,2,1,4.5,2,0.0125,0,40,-3.104654559,
ATCC 33291,2,1,4.5,2,0.0125,0,40,-3.104654559,
ATCC 33291,2,2,4.5,2,0.0125,0,179,-2.465815333,
ATCC 33291,2,2,4.5,2,0.0125,0,190,-2.439914763,
ATCC 33291,2,3,4.5,2,0.05,0,40,-3.43873408,
ATCC 33291,2,1,6.75,0,0.05,0,100,-5.308774542,
ATCC 33291,2,2,6.75,0,0.00264,0,64,-4.237182304,
ATCC 33291,2,2,6.75,0,0.00264,0,69,-4.204513187,
ATCC 33291,2,3,6.75,0,0.05,0,108,-5.007370316,
ATCC 33291,2,1,9,0,0.05,0,9,-6.354532032,
ATCC 33291,2,2,9,0,0.05,0,51,-5.613158179,
ATCC 33291,2,3,9,0,0.05,0,4,-6.43873408,
ATCC 33291,2,1,11.25,0,0.05,1,0,,-7.308774542
ATCC 33291,2,2,11.25,0,0.05,0,2,-7.01969836,
ATCC 33291,2,3,11.25,0,0.05,1,0,,-7.040794071
ATCC 33560,3,1,0,4,0.00054,0,54,0.016390416,
ATCC 33560,3,1,0,4,0.00054,0,50,-0.017033339,
ATCC 33560,3,2,0,4,0.00054,0,55,-0.037788561,
ATCC 33560,3,2,0,4,0.00054,0,65,0.034762106,
ATCC 33560,3,3,0,4,0.00054,0,43,-0.024542941,
ATCC 33560,3,3,0,4,0.00054,0,48,0.023229841,
ATCC 33560,3,1,2.25,3,0.00054,0,75,-0.84094208,
ATCC 33560,3,1,2.25,3,0.00054,0,79,-0.818376252,
ATCC 33560,3,2,2.25,3,0.00054,0,59,-1.007299239,
ATCC 33560,3,2,2.25,3,0.00054,0,73,-0.91482839,
ATCC 33560,3,3,2.25,3,0.00054,0,40,-1.055951405,
ATCC 33560,3,3,2.25,3,0.00054,0,57,-0.902136541,
ATCC 33560,3,1,4.5,2,0.00054,0,50,-2.017033339,
ATCC 33560,3,1,4.5,2,0.00054,0,45,-2.06279083,
ATCC 33560,3,2,4.5,2,0.00054,0,126,-1.677780705,
ATCC 33560,3,2,4.5,2,0.00054,0,101,-1.773829877,
ATCC 33560,3,3,4.5,2,0.00054,0,62,-1.865619707,
ATCC 33560,3,3,4.5,2,0.00054,0,54,-1.925617637,
ATCC 33560,3,1,6.75,1,0.00264,0,29,-3.942815513,
ATCC 33560,3,1,6.75,1,0.00264,0,37,-3.837011787,
ATCC 33560,3,2,6.75,1,0.00264,0,28,-4.020203386,
ATCC 33560,3,2,6.75,1,0.00264,0,26,-4.052388069,
ATCC 33560,3,3,6.75,1,0.00054,0,24,-3.277800155,
ATCC 33560,3,3,6.75,1,0.00054,0,29,-3.195613399,
ATCC 33560,3,1,9,0,0.00264,0,25,-5.007273502,
ATCC 33560,3,1,9,0,0.00264,0,24,-5.025002269,
ATCC 33560,3,2,9,0,0.00264,0,67,-4.641286615,
ATCC 33560,3,2,9,0,0.00264,0,76,-4.586547825,
ATCC 33560,3,3,9,0,0.00054,0,25,-4.260071388,
ATCC 33560,3,3,9,0,0.00054,0,17,-4.427562475,
ATCC 33560,3,1,11.25,0,0.05,0,56,-5.934391561,
ATCC 33560,3,2,11.25,0,0.05,0,42,-6.121478204,
ATCC 33560,3,3,11.25,0,0.05,0,17,-6.39413872,
NADC 5096,4,1,0,4,0.00054,0,30,0.124938737,
NADC 5096,4,1,0,4,0.00054,0,15,-0.176091259,
NADC 5096,4,2,0,4,0.00054,0,25,-0.049218023,
NADC 5096,4,2,0,4,0.00054,0,31,0.044203662,
NADC 5096,4,3,0,4,0.00054,0,24,-0.034762106,
NADC 5096,4,3,0,4,0.00054,0,28,0.032184683,
NADC 5096,4,1,2.25,3,0.00264,0,78,-1.149298082,
NADC 5096,4,1,2.25,3,0.00264,0,63,-1.242052136,
NADC 5096,4,2,2.25,3,0.00264,0,91,-1.177326806,
NADC 5096,4,2,2.25,3,0.00264,0,101,-1.132046825,
NADC 5096,4,3,2.25,3,0.00264,0,54,-1.371789755,
NADC 5096,4,3,2.25,3,0.00264,0,54,-1.371789755,
NADC 5096,4,1,4.5,2,0.05,0,225,-2.966576245,
NADC 5096,4,2,4.5,2,0.05,0,157,-3.217834623,
NADC 5096,4,3,4.5,2,0.05,0,59,-3.610697581,
NADC 5096,4,1,6.75,1,0.00264,0,127,-2.937588964,
NADC 5096,4,1,6.75,1,0.00264,0,137,-2.904672118,
NADC 5096,4,2,6.75,1,0.00264,0,157,-2.940468546,
NADC 5096,4,2,6.75,1,0.00264,0,122,-3.050008368,
NADC 5096,4,3,6.75,1,0.00264,0,88,-3.159700843,
NADC 5096,4,3,6.75,1,0.00264,0,86,-3.169685064,
NADC 5096,4,1,9,0,0.05,0,343,-4.783464643,
NADC 5096,4,2,9,0,0.05,0,301,-4.93516778,
NADC 5096,4,3,9,0,0.05,0,245,-4.992383508,
NADC 5096,4,1,11.25,0,0.05,0,86,-5.384260311,
NADC 5096,4,2,11.25,0,0.05,0,66,-5.59419034,
NADC 5096,4,3,11.25,0,0.05,0,10,-6.381549592,
BB520,5,1,0,4,0.00264,0,103,-0.047860616,
BB520,5,1,0,4,0.00264,0,127,0.043105881,
BB520,5,2,0,4,0.00264,0,105,-0.037616188,
BB520,5,2,0,4,0.00264,0,124,0.034616198,
BB520,5,3,0,4,0.00264,0,109,-0.003966187,
BB520,5,3,0,4,0.00264,0,111,0.003930294,
BB520,5,1,2.25,3,0.0125,0,110,-1.694611241,
BB520,5,1,2.25,3,0.0125,0,110,-1.694611241,
BB520,5,2,2.25,3,0.0125,0,109,-1.696685075,
BB520,5,2,2.25,3,0.0125,0,135,-1.603777804,
BB520,5,3,2.25,3,0.0125,0,63,-1.917358222,
BB520,5,3,2.25,3,0.0125,0,69,-1.877849681,
BB520,5,1,4.5,2,0.05,0,3,-4.860942663,
BB520,5,2,4.5,2,0.05,0,14,-4.190043528,
BB520,5,3,4.5,2,0.05,0,10,-4.318758763,
BB520,5,1,6.75,1,0.05,0,4,-5.736003926,
BB520,5,2,6.75,1,0.05,1,0,,-6.336171564
BB520,5,3,6.75,1,0.05,1,0,,-6.318758763
BB520,5,1,9,0,0.05,1,0,,-7.338063918
BB520,5,2,9,0,0.05,0,1,-7.336171564,
BB520,5,3,9,0,0.05,0,2,-7.017728767,
BB520,5,1,11.25,0,0.05,1,0,,-7.338063918
BB520,5,2,11.25,0,0.05,1,0,,-7.336171564
BB520,5,3,11.25,0,0.05,1,0,,-7.318758763
LA525,6,1,0,4,0.00054,0,32,-0.019894829,
LA525,6,1,0,4,0.00054,0,35,0.019023237,
LA525,6,2,0,4,0.00054,0,17,0.026328939,
LA525,6,2,0,4,0.00054,0,15,-0.028028724,
LA525,6,3,0,4,0.00054,0,34,-0.053981812,
LA525,6,3,0,4,0.00054,0,43,0.048007726,
LA525,6,1,2.25,3,0.00264,0,44,-1.570802298,
LA525,6,1,2.25,3,0.00264,0,38,-1.634471377,
LA525,6,2,2.25,3,0.00264,0,34,-1.361851233,
LA525,6,2,2.25,3,0.00264,0,21,-1.571110855,
LA525,6,3,2.25,3,0.00264,0,17,-2.044221975,
LA525,6,3,2.25,3,0.00264,0,26,-1.859697549,
LA525,6,1,4.5,2,0.025,0,5,-4.491621052,
LA525,6,1,4.5,2,0.025,0,5,-4.491621052,
LA525,6,2,4.5,2,0.025,0,12,-3.790484985,
LA525,6,2,4.5,2,0.025,0,17,-3.63921731,
LA525,6,3,4.5,2,0.0125,0,10,-3.949976983,
LA525,6,3,4.5,2,0.0125,0,11,-3.908584298,
LA525,6,1,6.75,1,0.05,0,5,-5.792651047,
LA525,6,2,6.75,1,0.0125,0,2,-5.26760624,
LA525,6,2,6.75,1,0.0125,0,4,-4.966576245,
LA525,6,3,6.75,1,0.05,0,1,-6.552036974,
LA525,6,1,9,0,0.05,0,9,-6.537378542,
LA525,6,2,9,0,0.05,0,15,-5.994604968,
LA525,6,3,9,0,0.05,0,3,-7.074915719,
LA525,6,1,11.25,0,0.05,1,0,,-7.491621052
LA525,6,2,11.25,0,0.05,0,1,-7.170696227,
LA525,6,3,11.25,0,0.05,1,0,,-7.552036974
lA525,7,1,0,4,0.00054,0,70,0.045757491,
lA525,7,1,0,4,0.00054,0,56,-0.051152522,
lA525,7,2,0,4,0.00054,0,32,0.028028724,
lA525,7,2,0,4,0.00054,0,28,-0.029963223,
lA525,7,3,0,4,0.00054,0,20,0.022276395,
lA525,7,3,0,4,0.00054,0,18,-0.023481096,
lA525,7,1,2.25,3,0.00054,0,102,-0.790740378,
lA525,7,1,2.25,3,0.00054,0,96,-0.817069316,
lA525,7,2,2.25,3,0.00054,0,86,-0.542622803,
lA525,7,2,2.25,3,0.00054,0,97,-0.49034952,
lA525,7,3,2.25,3,0.00054,0,32,-0.773603623,
lA525,7,3,2.25,3,0.00054,0,46,-0.615995769,
lA525,7,1,4.5,2,0.00054,0,29,-2.336942552,
lA525,7,1,4.5,2,0.00054,0,26,-2.384367201,
lA525,7,2,4.5,2,0.00054,0,31,-1.985759561,
lA525,7,2,4.5,2,0.00054,0,35,-1.93305321,
lA525,7,3,4.5,2,0.00264,0,31,-2.476602074,
lA525,7,3,4.5,2,0.00264,0,25,-2.570023759,
lA525,7,1,6.75,1,0.0075,0,52,-4.226004709,
lA525,7,1,6.75,1,0.0075,0,54,-4.209614293,
lA525,7,2,6.75,1,0.00457,0,28,-3.957485664,
lA525,7,2,6.75,1,0.00457,0,29,-3.942245697,
lA525,7,3,6.75,1,0.0125,0,9,-4.689027345,
lA525,7,3,6.75,1,0.0125,0,12,-4.564088608,
lA525,7,1,9,0,0.0125,0,3,-6.686735548,
lA525,7,1,9,0,0.0125,0,4,-6.561796811,
lA525,7,2,9,0,0.0125,0,2,-6.540607512,
lA525,7,2,9,0,0.0125,0,3,-6.364516253,
lA525,7,3,9,0,0.05,0,3,-6.768208591,
lA525,7,1,11.25,0,0.05,0,1,-7.765916794,
lA525,7,2,11.25,0,0.05,1,0,,-7.443697499
lA525,7,3,11.25,0,0.05,1,0,,-7.245329845
ULB527,8,1,0,4,0.00054,0,24,-0.082186756,
ULB527,8,1,0,4,0.00054,0,34,0.069080919,
ULB527,8,2,0,4,0.00054,0,43,0.015420359,
ULB527,8,2,0,4,0.00054,0,40,-0.015988105,
ULB527,8,3,0,4,0.00054,0,39,-0.005532489,
ULB527,8,3,0,4,0.00054,0,40,0.005462896,
ULB527,8,1,2.25,3,0.00264,0,28,-1.704450134,
ULB527,8,1,2.25,3,0.00264,0,37,-1.583406441,
ULB527,8,2,2.25,3,0.00264,0,91,-1.348216871,
ULB527,8,2,2.25,3,0.00264,0,93,-1.338775315,
ULB527,8,3,2.25,3,0.00264,0,109,-1.248380765,
ULB527,8,3,2.25,3,0.00264,0,107,-1.256423485,
ULB527,8,1,4.5,2,0.025,0,14,-3.981816211,
ULB527,8,1,4.5,2,0.025,0,16,-3.923824264,
ULB527,8,2,4.5,2,0.0125,0,62,-3.19017266,
ULB527,8,2,4.5,2,0.0125,0,64,-3.176384376,
ULB527,8,3,4.5,2,0.0125,0,41,-3.348329492,
ULB527,8,3,4.5,2,0.0125,0,48,-3.279872111,
ULB527,8,1,6.75,1,0.05,0,1,-6.428974242,
ULB527,8,2,6.75,1,0.05,0,4,-5.98256435,
ULB527,8,3,6.75,1,0.05,1,0,,-6.56317334
ULB527,8,1,9,0,0.05,1,0,,-7.428974242
ULB527,8,2,9,0,0.05,1,0,,-7.584624341
ULB527,8,3,9,0,0.05,1,0,,-7.56317334
ULB527,8,1,11.25,0,0.05,1,0,,-7.428974242
ULB527,8,2,11.25,0,0.05,1,0,,-7.584624341
ULB527,8,3,11.25,0,0.05,1,0,,-7.56317334
UBB527,9,1,0,4,0.00054,0,46,0.019305155,
UBB527,9,1,0,4,0.00054,0,42,-0.020203386,
UBB527,9,2,0,4,0.00054,0,39,-0.032184683,
UBB527,9,2,0,4,0.00054,0,45,0.029963223,
UBB527,9,3,0,4,0.00054,0,34,-0.12653248,
UBB527,9,3,0,4,0.00054,0,57,0.097863459,
UBB527,9,1,2.25,3,0.00054,0,48,-0.962211439,
UBB527,9,1,2.25,3,0.00054,0,50,-0.944482672,
UBB527,9,2,2.25,3,0.00054,0,105,-0.602059991,
UBB527,9,2,2.25,3,0.00054,0,154,-0.43572857,
UBB527,9,3,2.25,3,0.00054,0,39,-1.06694679,
UBB527,9,3,2.25,3,0.00054,0,41,-1.04522754,
UBB527,9,1,4.5,2,0.0125,0,67,-3.181894127,
UBB527,9,1,4.5,2,0.0125,0,75,-3.132907666,
UBB527,9,2,4.5,2,0.00054,0,64,-1.817069316,
UBB527,9,2,4.5,2,0.00054,0,73,-1.75992643,
UBB527,9,3,4.5,2,0.00264,0,67,-2.521146761,
UBB527,9,3,4.5,2,0.00264,0,57,-2.591346708,
UBB527,9,1,6.75,1,0.0125,0,48,-4.326727692,
UBB527,9,1,6.75,1,0.0125,0,39,-4.416904323,
UBB527,9,2,6.75,1,0.00054,0,35,-3.079181246,
UBB527,9,2,6.75,1,0.00054,0,35,-3.079181246,
UBB527,9,3,6.75,1,0.0125,0,121,-3.93974228,
UBB527,9,3,6.75,1,0.0125,0,113,-3.969449206,
UBB527,9,1,9,0,0.0125,0,14,-5.861840894,
UBB527,9,1,9,0,0.0125,0,15,-5.831877671,
UBB527,9,2,9,0,0.00054,0,24,-4.243038049,
UBB527,9,2,9,0,0.00054,0,18,-4.367976785,
UBB527,9,3,9,0,0.0125,0,27,-5.591163886,
UBB527,9,3,9,0,0.0125,0,27,-5.591163886,
UBB527,9,1,11.25,0,0.05,1,0,,-7.610028921
UBB527,9,2,11.25,0,0.0125,0,19,-5.709011943,
UBB527,9,2,11.25,0,0.0125,0,15,-5.811674285,
UBB527,9,3,11.25,0,0.05,1,0,,-7.624587641
RIMD 0366026,10,1,0,6,0.1,0,84,0,
RIMD 0366026,10,2,0,6,0.1,0,91,0,
RIMD 0366026,10,3,0,6,0.1,0,125,0,
RIMD 0366026,10,1,2.25,4,0.1,0,426,-1.294869687,
RIMD 0366026,10,2,2.25,4,0.1,0,1791,-0.705945806,
RIMD 0366026,10,3,2.25,4,0.1,0,799,-1.194363234,
RIMD 0366026,10,1,4.5,3,0.1,0,16,-3.720159303,
RIMD 0366026,10,2,4.5,3,0.1,0,201,-2.655845335,
RIMD 0366026,10,3,4.5,3,0.1,0,26,-3.681936665,
RIMD 0366026,10,1,6.75,2,0.1,0,2,-5.62324929,
RIMD 0366026,10,2,6.75,2,0.1,0,3,-5.481920138,
RIMD 0366026,10,3,6.75,2,0.1,0,2,-5.795880017,
RIMD 0366026,10,1,9,1,0.1,1,0,,-6.924279286
RIMD 0366026,10,2,9,1,0.1,1,0,,-6.959041392
RIMD 0366026,10,3,9,1,0.1,1,0,,-7.096910013
RIMD 0366026,10,1,11.25,0,0.05,1,0,,-7.62324929
RIMD 0366026,10,2,11.25,0,0.05,1,0,,-7.658011397
RIMD 0366026,10,3,11.25,0,0.05,1,0,,-7.795880017
RIMD 0366027,11,1,0,6,0.1,0,42,-0.101026579,
RIMD 0366027,11,2,0,6,0.1,0,50,0.045757491,
RIMD 0366027,11,3,0,6,0.1,0,39,-0.107905397,
RIMD 0366027,11,1,2.25,4,0.1,0,3,-3.247154615,
RIMD 0366027,11,2,2.25,4,0.1,1,0,,-3.698970004
RIMD 0366027,11,3,2.25,4,0.1,1,0,,-3.591064607
RIMD 0366027,11,1,4.5,3,0.1,1,0,,-4.62324929
RIMD 0366027,11,2,4.5,3,0.1,1,0,,-4.698970004
RIMD 0366027,11,3,4.5,3,0.1,1,0,,-4.591064607
RIMD 0366027,11,1,6.75,1,0.1,0,2,-6.423245874,
RIMD 0366027,11,2,6.75,1,0.1,1,0,,-6.698970004
RIMD 0366027,11,3,6.75,1,0.1,0,1,-6.698970004,
RIMD 0366027,11,1,9,0,0.05,1,0,,-7.322219295
RIMD 0366027,11,2,9,0,0.05,1,0,,-7.397940009
RIMD 0366027,11,3,9,0,0.05,1,0,,-7.290034611
RIMD 0366027,11,1,11.25,0,0.05,1,0,,-7.322219295
RIMD 0366027,11,2,11.25,0,0.05,1,0,,-7.397940009
RIMD 0366027,11,3,11.25,0,0.05,1,0,,-7.290034611
RIMD 0366028,12,1,0,6,0.1,0,36,0,
RIMD 0366028,12,2,0,6,0.1,0,34,0,
RIMD 0366028,12,3,0,6,0.1,0,28,0,
RIMD 0366028,12,1,2.25,4,0.1,0,311,-1.063542112,
RIMD 0366028,12,2,2.25,4,0.1,0,370,-0.963277193,-3.531478917
RIMD 0366028,12,3,2.25,4,0.1,0,213,-1.118778428,-3.447158031
RIMD 0366028,12,1,4.5,3,0.1,0,30,-3.079181246,-4.556302501
RIMD 0366028,12,2,4.5,3,0.1,0,50,-2.832508913,-4.531478917
RIMD 0366028,12,3,4.5,3,0.1,0,8,-3.544068044,-4.447158031
RIMD 0366028,12,1,6.75,1,0.1,0,26,-5.141329153,
RIMD 0366028,12,2,6.75,1,0.1,0,56,-4.78329089,-6.531478917
RIMD 0366028,12,3,6.75,1,0.1,0,2,-6.146128036,
RIMD 0366028,12,1,9,0,0.05,0,3,-6.77815125,-7.255272505
RIMD 0366028,12,2,9,0,0.05,0,4,-6.62838893,-7.230448921
RIMD 0366028,12,3,9,0,0.05,1,0,,-7.146128036
RIMD 0366028,12,1,11.25,0,0.05,1,0,,-7.255272505
RIMD 0366028,12,2,11.25,0,0.05,1,0,,-7.230448921
RIMD 0366028,12,3,11.25,0,0.05,1,0,,-7.146128036
RIMD 0366029,13,1,0,6,0.1,0,53,0,
RIMD 0366029,13,2,0,6,0.1,0,45,0,
RIMD 0366029,13,3,0,6,0.1,0,50,0,
RIMD 0366029,13,1,2.25,4,0.1,0,82,-1.810462017,
RIMD 0366029,13,2,2.25,4,0.1,0,25,-2.255272505,-3.653212514
RIMD 0366029,13,3,2.25,4,0.1,0,94,-1.725842151,-3.698970004
RIMD 0366029,13,1,4.5,3,0.1,0,5,-4.025305865,-4.72427587
RIMD 0366029,13,2,4.5,3,0.1,0,79,-2.755585422,-4.653212514
RIMD 0366029,13,3,4.5,3,0.1,0,6,-3.920818754,-4.698970004
RIMD 0366029,13,1,6.75,1,0.1,0,5,-6.025305865,
RIMD 0366029,13,2,6.75,1,0.1,0,12,-5.574031268,-6.653212514
RIMD 0366029,13,3,6.75,1,0.1,0,2,-6.397940009,
RIMD 0366029,13,1,9,0,0.05,0,1,-7.423245874,-7.423245874
RIMD 0366029,13,2,9,0,0.05,0,2,-7.051152522,-7.352182518
RIMD 0366029,13,3,9,0,0.05,0,3,-6.920818754,-7.397940009
RIMD 0366029,13,1,11.25,0,0.05,1,0,,-7.423245874
RIMD 0366029,13,2,11.25,0,0.05,1,0,,-7.352182518
RIMD 0366029,13,3,11.25,0,0.05,1,0,,-7.397940009
RIMD 0366042,14,1,0,6,0.1,0,41,0,
RIMD 0366042,14,2,0,6,0.1,0,47,0,
RIMD 0366042,14,3,0,6,0.1,0,46,0,
RIMD 0366042,14,1,2.25,4,0.1,0,45,-1.959571343,
RIMD 0366042,14,2,2.25,4,0.1,0,17,-2.441648937,-3.672097858
RIMD 0366042,14,3,2.25,4,0.1,0,18,-2.407485327,-3.662757832
RIMD 0366042,14,1,4.5,3,0.1,0,25,-3.214843848,-4.612783857
RIMD 0366042,14,2,4.5,3,0.1,0,10,-3.672097858,-4.672097858
RIMD 0366042,14,3,4.5,3,0.1,0,3,-4.185636577,-4.662757832
RIMD 0366042,14,1,6.75,1,0.1,0,37,-5.044582133,
RIMD 0366042,14,2,6.75,1,0.1,0,8,-5.769007871,-6.672097858
RIMD 0366042,14,3,6.75,1,0.1,0,5,-5.963787827,
RIMD 0366042,14,1,9,0,0.05,0,8,-6.408663874,-7.311753861
RIMD 0366042,14,2,9,0,0.05,0,3,-6.893946608,-7.371067862
RIMD 0366042,14,3,9,0,0.05,0,2,-7.06069784,-7.361727836
RIMD 0366042,14,1,11.25,0,0.05,1,0,,-7.311753861
RIMD 0366042,14,2,11.25,0,0.05,1,0,,-7.371067862
RIMD 0366042,14,3,11.25,0,0.05,1,0,,-7.361727836
RIMD 0366043,15,1,0,6,0.1,0,33,0,
RIMD 0366043,15,2,0,6,0.1,0,39,0,
RIMD 0366043,15,3,0,6,0.1,0,37,0,
RIMD 0366043,15,1,2.25,4,0.1,0,15,-2.342422681,
RIMD 0366043,15,2,2.25,4,0.1,0,21,-2.268845312,-3.591064607
RIMD 0366043,15,3,2.25,4,0.1,0,17,-2.337752803,-3.568201724
RIMD 0366043,15,1,4.5,3,0.1,0,2,-4.217483944,-4.51851394
RIMD 0366043,15,2,4.5,3,0.1,1,0,,-4.591064607
RIMD 0366043,15,3,4.5,3,0.1,0,1,-4.568201724,-4.568201724
RIMD 0366043,15,1,6.75,2,0.1,1,0,,-5.51851394
RIMD 0366043,15,2,6.75,2,0.1,1,0,,-5.591064607
RIMD 0366043,15,3,6.75,2,0.1,1,0,,-5.568201724
RIMD 0366043,15,1,9,1,0.1,0,1,-6.51851394,-6.51851394
RIMD 0366043,15,2,9,1,0.1,1,0,,-6.591064607
RIMD 0366043,15,3,9,1,0.1,1,0,,-6.568201724
RIMD 0366043,15,1,11.25,0,0.05,1,0,,-7.217483944
RIMD 0366043,15,2,11.25,0,0.05,1,0,,-7.290034611
RIMD 0366043,15,3,11.25,0,0.05,1,0,,-7.267171728
RIMD 0366044,16,1,0,6,0.1,0,22,0,
RIMD 0366044,16,2,0,6,0.1,0,31,0,
RIMD 0366044,16,3,0,6,0.1,0,33,0,
RIMD 0366044,16,1,2.25,4,0.1,0,348,-0.800843437,
RIMD 0366044,16,2,2.25,4,0.1,0,279,-1.045757491,-3.491361694
RIMD 0366044,16,3,2.25,4,0.1,0,220,-1.176091259,-3.51851394
RIMD 0366044,16,1,4.5,3,0.1,0,39,-2.751358074,-4.342422681
RIMD 0366044,16,2,4.5,3,0.1,0,57,-2.735486838,-4.491361694
RIMD 0366044,16,3,4.5,3,0.1,0,6,-3.740362689,-4.51851394
RIMD 0366044,16,1,6.75,1,0.1,0,14,-5.196294645,
RIMD 0366044,16,2,6.75,1,0.1,0,9,-5.537119184,-6.491361694
RIMD 0366044,16,3,6.75,1,0.1,0,21,-5.196294645,
RIMD 0366044,16,1,9,0,0.1,0,9,-6.388180171,-7.342422681
RIMD 0366044,16,2,9,0,0.1,0,27,-6.05999793,-7.491361694
RIMD 0366044,16,3,9,0,0.1,0,8,-6.615423953,-7.51851394
RIMD 0366044,16,1,11.25,0,0.05,1,0,,-7.041392685
RIMD 0366044,16,2,11.25,0,0.05,1,0,,-7.190331698
RIMD 0366044,16,3,11.25,0,0.05,1,0,,-7.217483944
RIMD 0366048,17,1,0,6,0.1,0,26,0,
RIMD 0366048,17,2,0,6,0.1,0,35,0,
RIMD 0366048,17,3,0,6,0.1,0,28,0,
RIMD 0366048,17,1,2.25,4,0.1,0,435,-0.776484091,
RIMD 0366048,17,2,2.25,4,0.1,0,720,-0.686735548,-3.544068044
RIMD 0366048,17,3,2.25,4,0.1,0,250,-1.049218023,-3.447158031
RIMD 0366048,17,1,4.5,2,0.1,0,1005,-2.412807286,-5.414973348
RIMD 0366048,17,2,4.5,2,0.0125,0,493,-1.948131138,-4.640978057
RIMD 0366048,17,3,4.5,2,0.1,0,345,-2.909338936,-5.447158031
RIMD 0366048,17,1,6.75,1,0.1,0,328,-3.899099504,
RIMD 0366048,17,2,6.75,1,0.0125,0,242,-3.257162691,-5.640978057
RIMD 0366048,17,3,6.75,1,0.1,0,230,-4.085430195,
RIMD 0366048,17,1,9,0,0.1,0,134,-5.28786855,-7.414973348
RIMD 0366048,17,2,9,0,0.1,0,480,-4.862826807,-7.544068044
RIMD 0366048,17,3,9,0,0.1,0,21,-6.124938737,-7.447158031
RIMD 0366048,17,1,11.25,0,0.05,0,4,-6.511883361,-7.113943352
RIMD 0366048,17,2,11.25,0,0.05,0,28,-5.795880017,-7.243038049
RIMD 0366048,17,3,11.25,0,0.05,1,0,,-7.146128036
RIMD 0366049,18,1,0,6,0.1,0,22,0,
RIMD 0366049,18,2,0,6,0.1,0,32,0,
RIMD 0366049,18,3,0,6,0.1,0,33,0,
RIMD 0366049,18,1,2.25,4,0.1,0,213,-1.014043077,
RIMD 0366049,18,2,2.25,4,0.1,0,368,-0.93930216,-3.505149978
RIMD 0366049,18,3,2.25,4,0.1,0,184,-1.253696117,-3.51851394
RIMD 0366049,18,1,4.5,2,0.1,0,348,-2.800843437,-5.342422681
RIMD 0366049,18,2,4.5,2,0.1,0,691,-2.665671931,-5.505149978
RIMD 0366049,18,3,4.5,2,0.1,0,141,-3.369294827,-5.51851394
RIMD 0366049,18,1,6.75,1,0.1,0,51,-4.634852505,
RIMD 0366049,18,2,6.75,1,0.1,0,293,-4.038282358,-6.505149978
RIMD 0366049,18,3,6.75,1,0.1,0,27,-5.087150176,
RIMD 0366049,18,1,9,0,0.1,0,18,-6.087150176,-7.342422681
RIMD 0366049,18,2,9,0,0.1,0,76,-5.624336386,-7.505149978
RIMD 0366049,18,3,9,0,0.1,0,9,-6.56427143,-7.51851394
RIMD 0366049,18,1,11.25,0,0.05,1,0,,-7.041392685
RIMD 0366049,18,2,11.25,0,0.05,0,5,-6.505149978,-7.204119983
RIMD 0366049,18,3,11.25,0,0.05,0,1,-7.217483944,-7.217483944
RIMD 0366050,19,1,0,6,0.1,0,59,0,
RIMD 0366050,19,2,0,6,0.1,0,41,0,
RIMD 0366050,19,3,0,6,0.1,0,51,0,
RIMD 0366050,19,1,2.25,4,0.0125,0,121,-0.784976654,
RIMD 0366050,19,2,2.25,4,0.05,0,589,-0.541638566,-3.311753861
RIMD 0366050,19,3,2.25,4,0.0125,0,308,-0.315929473,-2.804480189
RIMD 0366050,19,1,4.5,2,0.0125,0,391,-2.275585267,-4.867762025
RIMD 0366050,19,2,4.5,2,0.0125,0,326,-2.19647627,-4.70969387
RIMD 0366050,19,3,4.5,2,0.0125,0,567,-2.05089713,-4.804480189
RIMD 0366050,19,1,6.75,0,0.0125,0,926,-3.901151038,
RIMD 0366050,19,2,6.75,0,0.010742188,0,749,-3.769394768,-6.643876585
RIMD 0366050,19,3,6.75,0,0.005273438,0,458,-3.768798501,
RIMD 0366050,19,1,9,0,0.1,0,717,-4.915332856,-7.770852012
RIMD 0366050,19,2,9,0,0.1,0,1042,-4.594916138,-7.612783857
RIMD 0366050,19,3,9,0,0.1,0,708,-4.857536918,-7.707570176
RIMD 0366050,19,1,11.25,0,0.05,0,52,-5.753818672,-7.469822016
RIMD 0366050,19,2,11.25,0,0.05,0,67,-5.485679058,-7.311753861
RIMD 0366050,19,3,11.25,0,0.05,0,64,-5.600360206,-7.40654018
RIMD 0366051,20,1,0,6,0.1,0,31,0,
RIMD 0366051,20,2,0,6,0.1,0,49,0,
RIMD 0366051,20,3,0,6,0.1,0,22,0,
RIMD 0366051,20,1,2.25,4,0.1,0,161,-1.284535818,
RIMD 0366051,20,2,2.25,4,0.1,0,359,-1.135101631,-3.69019608
RIMD 0366051,20,3,2.25,4,0.1,0,195,-1.052388069,-3.342422681
RIMD 0366051,20,1,4.5,3,0.1,0,27,-3.05999793,-4.491361694
RIMD 0366051,20,2,4.5,3,0.1,0,118,-2.618314073,-4.69019608
RIMD 0366051,20,3,4.5,3,0.1,0,14,-3.196294645,-4.342422681
RIMD 0366051,20,1,6.75,1,0.1,0,54,-4.758967934,
RIMD 0366051,20,2,6.75,1,0.1,0,749,-3.815714262,-6.69019608
RIMD 0366051,20,3,6.75,1,0.1,0,47,-4.670324823,
RIMD 0366051,20,1,9,0,0.05,0,387,-4.602620733,-7.190331698
RIMD 0366051,20,2,9,0,0.05,0,387,-4.801455119,-7.389166084
RIMD 0366051,20,3,9,0,0.05,0,62,-5.249000996,-7.041392685
RIMD 0366051,20,1,11.25,0,0.05,0,5,-6.491361694,-7.190331698
RIMD 0366051,20,2,11.25,0,0.05,0,2,-7.088136089,-7.389166084
RIMD 0366051,20,3,11.25,0,0.05,0,4,-6.439332694,-7.041392685
IFTK 60,21,1,0,4,0.00054,0,41,-0.0257054,
IFTK 60,21,1,0,4,0.00054,0,46,0.024268575,
IFTK 60,21,2,0,4,0.00054,0,74,0.080356604,
IFTK 60,21,2,0,4,0.00054,0,49,-0.098679036,
IFTK 60,21,3,0,4,0.00054,0,63,0.003460532,
IFTK 60,21,3,0,4,0.00054,0,62,-0.003488328,
IFTK 60,21,1,2.25,3,0.00054,0,43,-1.005020801,
IFTK 60,21,1,2.25,3,0.00054,0,50,-0.939519253,
IFTK 60,21,2,2.25,3,0.00054,0,53,-1.064599246,
IFTK 60,21,2,2.25,3,0.00054,0,54,-1.056481356,
IFTK 60,21,3,2.25,3,0.00054,0,56,-1.04769199,
IFTK 60,21,3,2.25,3,0.00054,0,63,-0.996539468,
IFTK 60,21,1,4.5,2,0.00264,0,23,-2.965971588,
IFTK 60,21,1,4.5,2,0.00264,0,30,-2.850578169,
IFTK 60,21,2,4.5,2,0.00264,0,79,-2.580458192,
IFTK 60,21,2,4.5,2,0.00264,0,62,-2.685693593,
IFTK 60,21,3,4.5,2,0.00264,0,36,-2.928787684,
IFTK 60,21,3,4.5,2,0.00264,0,40,-2.883030193,
IFTK 60,21,1,6.75,0,0.00264,0,36,-4.771396923,
IFTK 60,21,1,6.75,0,0.00264,0,45,-4.67448691,
IFTK 60,21,2,6.75,0,0.00264,0,131,-4.360813987,
IFTK 60,21,2,6.75,0,0.00264,0,122,-4.391725452,
IFTK 60,21,3,6.75,0,0.00264,0,96,-4.502818951,
IFTK 60,21,3,6.75,0,0.00264,0,98,-4.493864109,
IFTK 60,21,1,9,0,0.05,0,50,-5.906095497,
IFTK 60,21,2,9,0,0.05,0,36,-6.19914886,
IFTK 60,21,3,9,0,0.05,0,33,-6.243942322,
IFTK 60,21,1,11.25,0,0.05,1,0,,-7.605065501
IFTK 60,21,2,11.25,0,0.05,1,0,,-7.75545136
IFTK 60,21,3,11.25,0,0.05,0,1,-7.762456262,
IFTK 87,22,1,0,3,0.05,0,197,-0.021504119,
IFTK 87,22,1,0,3,0.05,0,217,0.020489388,
IFTK 87,22,2,0,3,0.05,0,277,0.020054093,
IFTK 87,22,2,0,3,0.05,0,252,-0.021025136,
IFTK 87,22,3,0,3,0.05,0,169,0.003871893,
IFTK 87,22,3,0,3,0.05,0,166,-0.003906723,
IFTK 87,22,1,2.25,2,0.05,0,43,-1.68250189,
IFTK 87,22,2,2.25,2,0.05,0,69,-1.583576586,
IFTK 87,22,3,2.25,2,0.05,0,14,-2.077886776,
IFTK 87,22,1,4.5,1,0.05,0,2,-4.01494035,
IFTK 87,22,2,4.5,1,0.05,0,1,-4.422425676,
IFTK 87,22,3,4.5,1,0.05,0,1,-4.224014811,
IFTK 87,22,1,6.75,0,0.05,1,0,,-5.315970345
IFTK 87,22,2,6.75,0,0.05,1,0,,-5.422425676
IFTK 87,22,3,6.75,0,0.05,1,0,,-5.224014811
IFTK 87,22,1,9,0,0.05,1,0,,-5.315970345
IFTK 87,22,2,9,0,0.05,1,0,,-5.422425676
IFTK 87,22,3,9,0,0.05,1,0,,-5.224014811
IFTK 87,22,1,11.25,0,0.05,1,0,,-5.315970345
IFTK 87,22,2,11.25,0,0.05,1,0,,-5.422425676
IFTK 87,22,3,11.25,0,0.05,1,0,,-5.224014811
IFTK 146,23,1,0,4,0.00264,0,75,0.058819963,
IFTK 146,23,1,0,4,0.00264,0,56,-0.068053273,
IFTK 146,23,2,0,4,0.00264,0,104,0.070090069,
IFTK 146,23,2,0,4,0.00264,0,73,-0.083620411,
IFTK 146,23,3,0,4,0.00264,0,145,-0.020475586,
IFTK 146,23,3,0,4,0.00264,0,159,0.019553536,
IFTK 146,23,1,2.25,3,0.00264,0,35,-1.272173256,
IFTK 146,23,1,2.25,3,0.00264,0,43,-1.182772844,
IFTK 146,23,2,2.25,3,0.00264,0,84,-1.022663985,
IFTK 146,23,2,2.25,3,0.00264,0,86,-1.012444819,
IFTK 146,23,3,2.25,3,0.00264,0,98,-1.190617512,
IFTK 146,23,3,2.25,3,0.00264,0,93,-1.213360639,
IFTK 146,23,1,4.5,2,0.0125,0,46,-2.828789554,
IFTK 146,23,1,4.5,2,0.0125,0,46,-2.828789554,
IFTK 146,23,2,4.5,2,0.0125,0,130,-2.508306005,
IFTK 146,23,2,4.5,2,0.0125,0,118,-2.55036735,
IFTK 146,23,3,4.5,2,0.0125,0,99,-2.861514479,
IFTK 146,23,3,4.5,2,0.0125,0,100,-2.857149674,
IFTK 146,23,1,6.75,0,0.00264,0,95,-3.838517695,
IFTK 146,23,1,6.75,0,0.00264,0,113,-3.763162857,
IFTK 146,23,2,6.75,0,0.00054,0,133,-3.133881463,
IFTK 146,23,2,6.75,0,0.00054,0,123,-3.167827992,
IFTK 146,23,3,6.75,0,0.00264,0,81,-4.273358569,
IFTK 146,23,3,6.75,0,0.00264,0,89,-4.232453581,
IFTK 146,23,1,9,0,0.0125,0,86,-4.557048935,
IFTK 146,23,1,9,0,0.0125,0,101,-4.487226012,
IFTK 146,23,2,9,0,0.0125,0,137,-4.48552879,
IFTK 146,23,2,9,0,0.0125,0,161,-4.415423481,
IFTK 146,23,3,9,0,0.0125,0,109,-4.819723176,
IFTK 146,23,3,9,0,0.0125,0,129,-4.746559964,
IFTK 146,23,1,11.25,0,0.05,0,13,-5.979664025,
IFTK 146,23,2,11.25,0,0.05,0,15,-6.048218089,
IFTK 146,23,3,11.25,0,0.05,0,22,-6.116786985,
IFTK 189,24,1,0,4,0.00264,0,119,-0.012589127,
IFTK 189,24,1,0,4,0.00264,0,126,0.012234456,
IFTK 189,24,2,0,4,0.00264,0,122,0.001783553,
IFTK 189,24,2,0,4,0.00264,0,121,-0.001790908,
IFTK 189,24,3,0,4,0.00264,0,116,-0.014723257,
IFTK 189,24,3,0,4,0.00264,0,124,0.014240439,
IFTK 189,24,1,2.25,3,0.00054,0,55,-0.658563232,
IFTK 189,24,1,2.25,3,0.00054,0,47,-0.726828064,
IFTK 189,24,2,2.25,3,0.00054,0,49,-0.705170031,
IFTK 189,24,2,2.25,3,0.00054,0,53,-0.671090241,
IFTK 189,24,3,2.25,3,0.00054,0,46,-0.727213247,
IFTK 189,24,3,2.25,3,0.00054,0,33,-0.871457139,
IFTK 189,24,1,4.5,2,0.00054,0,33,-1.880411982,
IFTK 189,24,1,4.5,2,0.00054,0,35,-1.854857877,
IFTK 189,24,2,4.5,2,0.00054,0,41,-1.782582254,
IFTK 189,24,2,4.5,2,0.00054,0,25,-1.997426102,
IFTK 189,24,3,4.5,2,0.00054,0,18,-2.134698574,
IFTK 189,24,3,4.5,2,0.00054,0,27,-1.958607315,
IFTK 189,24,1,6.75,0,0.00054,0,51,-3.691355746,
IFTK 189,24,1,6.75,0,0.00054,0,57,-3.643051066,
IFTK 189,24,2,6.75,0,0.00054,0,74,-3.526134391,
IFTK 189,24,2,6.75,0,0.00054,0,80,-3.492276124,
IFTK 189,24,3,6.75,0,0.00054,0,149,-3.216784811,
IFTK 189,24,3,6.75,0,0.00054,0,175,-3.14693303,
IFTK 189,24,1,9,0,0.0125,0,98,-4.772216099,
IFTK 189,24,1,9,0,0.0125,0,98,-4.772216099,
IFTK 189,24,2,9,0,0.0125,0,118,-4.688000357,
IFTK 189,24,2,9,0,0.0125,0,131,-4.642611068,
IFTK 189,24,3,9,0,0.0125,0,163,-4.542299728,
IFTK 189,24,3,9,0,0.0125,0,127,-4.650683611,
IFTK 189,24,1,11.25,0,0.05,0,27,-5.934138402,
IFTK 189,24,2,11.25,0,0.05,0,49,-5.671746275,
IFTK 189,24,3,11.25,0,0.05,0,14,-6.210419288,
IFTK 207,25,1,0,4,0.00264,0,146,0.002984854,
IFTK 207,25,1,0,4,0.00264,0,144,-0.00300551,
IFTK 207,25,2,0,4,0.00264,0,215,0.011254433,
IFTK 207,25,2,0,4,0.00264,0,204,-0.01155386,
IFTK 207,25,3,0,4,0.00264,0,223,0.027120836,
IFTK 207,25,3,0,4,0.00264,0,196,-0.028927956,
IFTK 207,25,1,2.25,3,0.05,0,3,-3.961612825,
IFTK 207,25,2,2.25,3,0.00264,0,64,-1.515004053,
IFTK 207,25,2,2.25,3,0.00264,0,54,-1.588790267,
IFTK 207,25,3,2.25,3,0.00264,0,43,-1.687715572,
IFTK 207,25,3,2.25,3,0.00264,0,34,-1.78970511,
IFTK 207,25,1,4.5,2,0.05,1,0,,-5.43873408
IFTK 207,25,2,4.5,2,0.05,0,89,-3.649160098,
IFTK 207,25,3,4.5,2,0.00054,0,30,-2.154852606,
IFTK 207,25,1,6.75,0,0.05,1,0,,-7.43873408
IFTK 207,25,2,6.75,0,0.05,0,86,-5.664051654,
IFTK 207,25,3,6.75,0,0.05,0,496,-4.903068428,
IFTK 207,25,1,9,0,0.05,1,0,,-7.43873408
IFTK 207,25,2,9,0,0.05,0,12,-6.519368859,
IFTK 207,25,3,9,0,0.05,0,28,-6.151392073,
IFTK 207,25,1,11.25,0,0.05,1,0,,-7.43873408
IFTK 207,25,2,11.25,0,0.05,1,0,,-7.598550105
IFTK 207,25,3,11.25,0,0.05,1,0,,-7.598550105
IFTK 241,26,1,0,4,0.00264,0,111,-0.024714888,
IFTK 241,26,1,0,4,0.00264,0,124,0.023383819,
IFTK 241,26,2,0,4,0.00264,0,71,-0.026688603,
IFTK 241,26,2,0,4,0.00264,0,80,0.025143035,
IFTK 241,26,3,0,4,0.00264,0,106,-0.004077912,
IFTK 241,26,3,0,4,0.00264,0,108,0.004039978,
IFTK 241,26,1,2.25,3,0.00264,0,175,-0.826999818,
IFTK 241,26,1,2.25,3,0.00264,0,211,-0.745755411,
IFTK 241,26,2,2.25,3,0.00264,0,110,-0.836554266,
IFTK 241,26,2,2.25,3,0.00264,0,114,-0.8210421,
IFTK 241,26,3,2.25,3,0.00264,0,162,-0.819868763,
IFTK 241,26,3,2.25,3,0.00264,0,140,-0.883255742,
IFTK 241,26,1,4.5,2,0.0125,0,124,-2.651922268,
IFTK 241,26,1,4.5,2,0.0125,0,102,-2.736743781,
IFTK 241,26,2,4.5,2,0.0125,0,254,-2.148419321,
IFTK 241,26,2,4.5,2,0.0125,0,241,-2.171235995,
IFTK 241,26,3,4.5,2,0.0125,0,37,-3.13648814,
IFTK 241,26,3,4.5,2,0.0125,0,40,-3.102629872,
IFTK 241,26,1,6.75,0,0.00264,0,78,-4.177943264,
IFTK 241,26,1,6.75,0,0.00264,0,67,-4.243963064,
IFTK 241,26,2,6.75,0,0.00264,0,162,-3.668431937,
IFTK 241,26,2,6.75,0,0.00264,0,145,-3.716578949,
IFTK 241,26,3,6.75,0,0.00264,0,81,-4.120898759,
IFTK 241,26,3,6.75,0,0.00264,0,83,-4.110305685,
IFTK 241,26,1,9,0,0.05,0,58,-5.583975951,
IFTK 241,26,2,9,0,0.05,0,402,-4.551086976,
IFTK 241,26,3,9,0,0.05,0,102,-5.298149683,
IFTK 241,26,1,11.25,0,0.05,0,5,-6.64843394,
IFTK 241,26,2,11.25,0,0.05,0,14,-6.009184993,
IFTK 241,26,3,11.25,0,0.05,0,2,-7.005719859,
IFTK 252,27,1,0,4,0.00264,0,37,0,
IFTK 252,27,1,0,4,0.00264,0,37,0,
IFTK 252,27,2,0,4,0.00264,0,53,0.004116566,
IFTK 252,27,2,0,4,0.00264,0,52,-0.00415596,
IFTK 252,27,3,0,4,0.00264,0,56,-0.037141808,
IFTK 252,27,3,0,4,0.00264,0,66,0.034214101,
IFTK 252,27,1,2.25,3,0.0125,0,36,-1.687205309,
IFTK 252,27,1,2.25,3,0.0125,0,46,-1.580749979,
IFTK 252,27,2,2.25,3,0.0125,0,54,-1.66307163,
IFTK 252,27,2,2.25,3,0.0125,0,39,-1.804400783,
IFTK 252,27,3,2.25,3,0.0125,0,23,-2.098908085,
IFTK 252,27,3,2.25,3,0.0125,0,33,-1.942121981,
IFTK 252,27,1,4.5,2,0.05,0,8,-3.942477815,
IFTK 252,27,2,4.5,2,0.05,0,11,-3.956132696,
IFTK 252,27,3,4.5,2,0.05,0,1,-5.062695912,
IFTK 252,27,1,6.75,0,0.05,0,16,-5.641447819,
IFTK 252,27,2,6.75,0,0.05,0,34,-5.466046464,
IFTK 252,27,3,6.75,0,0.05,0,24,-5.682484671,
IFTK 252,27,1,9,0,0.05,0,9,-5.891325292,
IFTK 252,27,2,9,0,0.05,0,1,-6.997525381,
IFTK 252,27,3,9,0,0.05,0,4,-6.460635921,
IFTK 252,27,1,11.25,0,0.05,1,0,,-6.845567802
IFTK 252,27,2,11.25,0,0.05,1,0,,-6.997525381
IFTK 252,27,3,11.25,0,0.05,1,0,,-7.062695912
IFTK 312,28,1,0,4,0.00264,0,161,-0.002689139,
IFTK 312,28,1,0,4,0.00264,0,163,0.00267259,
IFTK 312,28,2,0,4,0.00264,0,169,-0.012662544,
IFTK 312,28,2,0,4,0.00264,0,179,0.012303783,
IFTK 312,28,3,0,4,0.00264,0,148,-0.027018843,
IFTK 312,28,3,0,4,0.00264,0,167,0.025435913,
IFTK 312,28,1,2.25,3,0.00264,0,110,-1.168122329,
IFTK 312,28,1,2.25,3,0.00264,0,101,-1.205193641,
IFTK 312,28,2,2.25,3,0.00264,0,227,-0.884523391,
IFTK 312,28,2,2.25,3,0.00264,0,220,-0.898126567,
IFTK 312,28,3,2.25,3,0.00264,0,95,-1.219556953,
IFTK 312,28,3,2.25,3,0.00264,0,98,-1.206054482,
IFTK 312,28,1,4.5,2,0.0125,0,75,-3.009759837,
IFTK 312,28,1,4.5,2,0.0125,0,90,-2.930578591,
IFTK 312,28,2,4.5,2,0.00264,0,113,-2.187470805,
IFTK 312,28,2,4.5,2,0.00264,0,118,-2.168667241,
IFTK 312,28,3,4.5,2,0.0125,0,47,-3.200488786,
IFTK 312,28,3,4.5,2,0.0125,0,43,-3.239118189,
IFTK 312,28,1,6.75,0,0.0125,0,33,-5.366307161,
IFTK 312,28,1,6.75,0,0.0125,0,39,-5.293756494,
IFTK 312,28,2,6.75,0,0.00264,0,135,-4.11021548,
IFTK 312,28,2,6.75,0,0.00264,0,106,-4.215243383,
IFTK 312,28,3,6.75,0,0.0125,0,60,-5.094435394,
IFTK 312,28,3,6.75,0,0.0125,0,67,-5.046511842,
IFTK 312,28,1,9,0,0.05,0,5,-6.787911088,
IFTK 312,28,2,9,0,0.05,0,220,-5.175492645,
IFTK 312,28,3,9,0,0.05,0,10,-6.474646636,
IFTK 312,28,1,11.25,0,0.05,1,0,,-7.486881092
IFTK 312,28,2,11.25,0,0.05,0,1,-7.517915326,
IFTK 312,28,3,11.25,0,0.05,1,0,,-7.474646636
IFTK 323,29,1,0,4,0.00264,0,80,-0.048733048,
IFTK 323,29,1,0,4,0.00264,0,99,0.043812159,
IFTK 323,29,2,0,4,0.00264,0,113,0.003860421,
IFTK 323,29,2,0,4,0.00264,0,111,-0.003895044,
IFTK 323,29,3,0,4,0.00264,0,93,-0.044354276,
IFTK 323,29,3,0,4,0.00264,0,113,0.040241219,
IFTK 323,29,1,2.25,3,0.00264,0,33,-1.433309095,
IFTK 323,29,1,2.25,3,0.00264,0,29,-1.489425037,
IFTK 323,29,2,2.25,3,0.00264,0,77,-1.162727297,
IFTK 323,29,2,2.25,3,0.00264,0,70,-1.204119983,
IFTK 323,29,3,2.25,3,0.00264,0,42,-1.389587934,
IFTK 323,29,3,2.25,3,0.00264,0,29,-1.550439227,
IFTK 323,29,1,4.5,2,0.05,0,7,-4.384091073,
IFTK 323,29,2,4.5,2,0.05,0,5,-4.627614096,
IFTK 323,29,3,4.5,2,0.05,0,1,-5.290203302,
IFTK 323,29,1,6.75,0,0.05,0,6,-6.451037862,
IFTK 323,29,2,6.75,0,0.05,0,18,-6.071311595,
IFTK 323,29,3,6.75,0,0.05,0,3,-6.813082047,
IFTK 323,29,1,9,0,0.05,1,0,,-7.229189113
IFTK 323,29,2,9,0,0.05,0,1,-7.3265841,-7.3265841
IFTK 323,29,3,9,0,0.05,1,0,,-7.290203302
IFTK 323,29,1,11.25,0,0.05,1,0,,-7.229189113
IFTK 323,29,2,11.25,0,0.05,1,0,,-7.3265841
IFTK 323,29,3,11.25,0,0.05,1,0,,-7.290203302
IFTK 345,30,1,0,4,0.00264,0,116,0.021095711,
IFTK 345,30,1,0,4,0.00264,0,105,-0.022172979,
IFTK 345,30,2,0,4,0.00264,0,132,-0.006530867,
IFTK 345,30,2,0,4,0.00264,0,136,0.00643411,
IFTK 345,30,3,0,4,0.00264,0,88,-0.012165907,
IFTK 345,30,3,0,4,0.00264,0,93,0.011834369,
IFTK 345,30,1,2.25,3,0.05,0,21,-2.998509061,
IFTK 345,30,2,2.25,3,0.05,0,202,-2.099119506,
IFTK 345,30,3,2.25,3,0.05,0,24,-2.853803415,
IFTK 345,30,1,4.5,2,0.05,1,0,,-5.320728355
IFTK 345,30,2,4.5,2,0.05,1,0,,-5.404470876
IFTK 345,30,3,4.5,2,0.05,1,0,,-5.234014657
IFTK 345,30,1,6.75,0,0.05,0,3,-6.843607101,
IFTK 345,30,2,6.75,0,0.05,0,6,-6.626319625,
IFTK 345,30,3,6.75,0,0.05,0,4,-6.631954665,
IFTK 345,30,1,9,0,0.05,0,1,-7.320728355,
IFTK 345,30,2,9,0,0.05,1,0,,-7.404470876
IFTK 345,30,3,9,0,0.05,0,1,-7.234014657,
IFTK 345,30,1,11.25,0,0.05,1,0,,-7.320728355
IFTK 345,30,2,11.25,0,0.05,1,0,,-7.404470876
IFTK 345,30,3,11.25,0,0.05,1,0,,-7.234014657
IFTK 363,31,1,0,4,0.00264,0,102,-0.020783606,
IFTK 363,31,1,0,4,0.00264,0,112,0.019834245,
IFTK 363,31,2,0,4,0.00264,0,160,-0.015988105,
IFTK 363,31,2,0,4,0.00264,0,172,0.015420359,
IFTK 363,31,3,0,4,0.00264,0,129,0.013679697,
IFTK 363,31,3,0,4,0.00264,0,121,-0.014124643,
IFTK 363,31,1,2.25,3,0.00264,0,143,-0.87404774,
IFTK 363,31,1,2.25,3,0.00264,0,141,-0.880164665,
IFTK 363,31,2,2.25,3,0.00264,0,220,-0.877685407,
IFTK 363,31,2,2.25,3,0.00264,0,202,-0.914756719,
IFTK 363,31,3,2.25,3,0.00264,0,180,-0.841637508,
IFTK 363,31,3,2.25,3,0.00264,0,181,-0.839231438,
IFTK 363,31,1,4.5,2,0.00264,0,71,-2.178125429,
IFTK 363,31,1,4.5,2,0.00264,0,61,-2.244053943,
IFTK 363,31,2,4.5,2,0.00264,0,45,-2.566895574,
IFTK 363,31,2,4.5,2,0.00264,0,59,-2.449256076,
IFTK 363,31,3,4.5,2,0.00264,0,32,-2.591760035,
IFTK 363,31,3,4.5,2,0.00264,0,38,-2.517126416,
IFTK 363,31,1,6.75,0,0.00054,0,40,-3.738113619,
IFTK 363,31,1,6.75,0,0.00054,0,30,-3.863052356,
IFTK 363,31,2,6.75,0,0.00054,0,63,-3.731557372,
IFTK 363,31,2,6.75,0,0.00054,0,78,-3.638803318,
IFTK 363,31,3,6.75,0,0.00054,0,78,-3.515605243,
IFTK 363,31,3,6.75,0,0.00054,0,92,-3.443912019,
IFTK 363,31,1,9,0,0.00264,0,30,-4.552262523,
IFTK 363,31,1,9,0,0.00264,0,29,-4.56698578,
IFTK 363,31,2,9,0,0.0125,0,88,-4.950931502,
IFTK 363,31,2,9,0,0.0125,0,102,-4.886814002,
IFTK 363,31,3,9,0,0.00264,0,44,-4.453457337,
IFTK 363,31,3,9,0,0.00264,0,43,-4.463441557,
IFTK 363,31,1,11.25,0,0.05,0,60,-5.528598605,
IFTK 363,31,2,11.25,0,0.05,0,13,-6.383530813,
IFTK 363,31,3,11.25,0,0.05,0,16,-6.170156108,